n,has_partitions,p,q,j,k
2,False,,,,
3,False,,,,
11,True,2,3,1,2
11,True,2,3,3,1
11,True,2,7,2,1
13,True,2,5,3,1
13,True,2,11,1,1
13,True,2,3,2,2
17,True,2,3,3,2
17,True,2,13,2,1
19,True,2,17,1,1
19,True,2,3,4,1
19,True,2,11,3,1
7,True,2,5,1,1
7,True,2,3,2,1
23,True,2,19,2,1
23,True,2,7,4,1
31,True,2,3,2,3
31,True,2,29,1,1
31,True,2,23,3,1
29,True,2,13,4,1
29,True,2,3,1,3
29,True,2,5,2,2
37,True,2,29,3,1
37,True,2,5,5,1
41,True,2,37,2,1
41,True,2,5,4,2
41,True,2,3,5,2
43,True,2,41,1,1
43,True,2,11,5,1
43,True,2,3,4,3
47,True,2,31,4,1
47,True,2,43,2,1
53,True,2,7,2,2
53,True,2,37,4,1
61,True,2,59,1,1
61,True,2,53,3,1
61,True,2,29,5,1
59,True,2,3,5,3
59,True,2,43,4,1
5,True,2,3,1,1
67,True,2,3,6,1
67,True,2,59,3,1
79,True,2,47,5,1
79,True,2,71,3,1
73,True,2,3,6,2
73,True,2,41,5,1
73,True,2,71,1,1
83,True,2,67,4,1
83,True,2,79,2,1
83,True,2,3,1,4
83,True,2,19,6,1
89,True,2,3,3,4
89,True,2,73,4,1
89,True,2,5,6,2
97,True,2,89,3,1
97,True,2,3,4,4
101,True,2,97,2,1
101,True,2,37,6,1
103,True,2,71,5,1
103,True,2,101,1,1
107,True,2,43,6,1
107,True,2,103,2,1
109,True,2,101,3,1
109,True,2,107,1,1
127,True,2,5,1,3
131,True,2,3,7,1
131,True,2,127,2,1
131,True,2,67,6,1
139,True,2,107,5,1
139,True,2,137,1,1
139,True,2,11,7,1
139,True,2,131,3,1
137,True,2,11,4,2
137,True,2,73,6,1
137,True,2,3,7,2
149,False,,,,
151,True,2,149,1,1
151,True,2,23,7,1
157,True,2,29,7,1
157,True,2,149,3,1
157,True,2,5,5,3
113,True,2,7,6,2
113,True,2,97,4,1
113,True,2,109,2,1
113,True,2,3,5,4
163,True,2,131,5,1
167,True,2,151,4,1
167,True,2,163,2,1
167,True,2,103,6,1
71,True,2,67,2,1
71,True,2,7,6,1
181,True,2,173,3,1
181,True,2,179,1,1
181,True,2,53,7,1
181,True,2,149,5,1
191,True,2,127,6,1
179,True,2,163,4,1
193,True,2,191,1,1
197,True,2,181,4,1
197,True,2,193,2,1
173,True,2,13,2,2
173,True,2,157,4,1
173,True,2,109,6,1
199,True,2,167,5,1
199,True,2,197,1,1
199,True,2,71,7,1
199,True,2,191,3,1
211,True,2,179,5,1
211,True,2,83,7,1
223,True,2,191,5,1
229,True,2,101,7,1
229,True,2,197,5,1
229,True,2,227,1,1
227,True,2,223,2,1
227,True,2,163,6,1
227,True,2,211,4,1
239,True,2,223,4,1
233,True,2,13,6,2
233,True,2,229,2,1
241,True,2,233,3,1
241,True,2,113,7,1
241,True,2,239,1,1
251,True,2,3,3,5
257,True,2,193,6,1
257,True,2,241,4,1
271,True,2,239,5,1
271,True,2,269,1,1
271,True,2,263,3,1
269,True,2,13,8,1
263,True,2,199,6,1
263,True,2,7,8,1
281,True,2,5,8,2
281,True,2,277,2,1
283,True,2,3,8,3
283,True,2,281,1,1
283,True,2,251,5,1
293,True,2,17,2,2
293,True,2,277,4,1
293,True,2,37,8,1
293,True,2,229,6,1
277,True,2,149,7,1
277,True,2,269,3,1
307,True,2,3,6,5
307,True,2,179,7,1
331,False,,,,
311,True,2,307,2,1
317,True,2,61,8,1
317,True,2,313,2,1
313,True,2,311,1,1
313,True,2,281,5,1
347,True,2,283,6,1
347,True,2,331,4,1
347,True,2,7,2,3
337,True,2,3,8,4
353,True,2,17,6,2
353,True,2,97,8,1
353,True,2,337,4,1
353,True,2,349,2,1
349,True,2,347,1,1
349,True,2,317,5,1
359,True,2,7,4,3
359,True,2,103,8,1
373,False,,,,
379,True,2,347,5,1
379,True,2,251,7,1
383,True,2,367,4,1
383,True,2,127,8,1
383,True,2,379,2,1
389,True,2,373,4,1
397,True,2,389,3,1
397,True,2,269,7,1
401,True,2,337,6,1
401,True,2,397,2,1
367,True,2,239,7,1
367,True,2,359,3,1
409,True,2,401,3,1
409,True,2,281,7,1
431,True,2,367,6,1
419,True,2,163,8,1
433,True,2,431,1,1
433,True,2,401,5,1
421,True,2,293,7,1
421,True,2,389,5,1
421,True,2,419,1,1
443,True,2,439,2,1
443,True,2,379,6,1
457,True,2,449,3,1
449,True,2,433,4,1
449,True,2,193,8,1
461,True,2,457,2,1
461,True,2,397,6,1
463,True,2,431,5,1
463,True,2,461,1,1
467,True,2,463,2,1
467,True,2,211,8,1
479,True,2,223,8,1
479,True,2,463,4,1
487,True,2,479,3,1
487,True,2,359,7,1
491,True,2,487,2,1
439,True,2,311,7,1
439,True,2,431,3,1
503,True,2,439,6,1
503,True,2,487,4,1
503,True,2,499,2,1
509,False,,,,
499,True,2,467,5,1
499,True,2,491,3,1
499,True,2,3,8,5
523,True,2,491,5,1
523,True,2,521,1,1
523,True,2,11,9,1
541,True,2,509,5,1
541,True,2,29,9,1
557,True,2,541,4,1
563,True,2,547,4,1
563,True,2,499,6,1
563,True,2,307,8,1
569,True,2,313,8,1
521,True,2,457,6,1
521,True,2,3,9,2
571,True,2,569,1,1
571,True,2,59,9,1
571,True,2,563,3,1
571,True,2,443,7,1
547,True,2,419,7,1
587,True,2,523,6,1
587,True,2,571,4,1
587,True,2,331,8,1
593,True,2,337,8,1
593,True,2,577,4,1
593,True,2,23,6,2
593,True,2,3,9,4
577,True,2,449,7,1
577,True,2,569,3,1
601,True,2,89,9,1
601,True,2,569,5,1
601,True,2,599,1,1
601,True,2,593,3,1
607,True,2,479,7,1
607,True,2,599,3,1
599,True,2,7,8,3
613,True,2,101,9,1
617,True,2,19,8,2
617,True,2,601,4,1
617,True,2,613,2,1
619,True,2,617,1,1
619,True,2,587,5,1
619,True,2,107,9,1
619,True,2,491,7,1
631,True,2,599,5,1
631,True,2,503,7,1
641,True,2,5,4,4
641,True,2,577,6,1
643,True,2,131,9,1
643,True,2,641,1,1
653,True,2,397,8,1
647,True,2,643,2,1
647,True,2,631,4,1
659,True,2,643,4,1
661,True,2,149,9,1
661,True,2,653,3,1
661,True,2,659,1,1
673,True,2,641,5,1
677,True,2,661,4,1
677,True,2,421,8,1
677,True,2,673,2,1
677,True,2,613,6,1
683,True,2,619,6,1
691,True,2,683,3,1
691,True,2,563,7,1
691,True,2,659,5,1
691,True,2,179,9,1
701,False,,,,
709,True,2,701,3,1
709,True,2,197,9,1
709,True,2,677,5,1
727,True,2,599,7,1
727,True,2,719,3,1
733,True,2,701,5,1
733,True,2,3,2,6
739,True,2,227,9,1
743,True,2,739,2,1
743,True,2,727,4,1
743,True,2,487,8,1
751,True,2,719,5,1
751,True,2,239,9,1
751,True,2,743,3,1
719,True,2,463,8,1
757,False,,,,
769,True,2,641,7,1
769,True,2,257,9,1
769,True,2,761,3,1
787,True,2,659,7,1
773,True,2,709,6,1
773,True,2,757,4,1
773,True,2,769,2,1
761,True,2,3,5,6
761,True,2,757,2,1
797,True,2,541,8,1
797,True,2,733,6,1
811,True,2,683,7,1
811,True,2,809,1,1
809,False,,,,
821,True,2,757,6,1
823,True,2,311,9,1
823,True,2,821,1,1
827,True,2,823,2,1
827,True,2,571,8,1
827,True,2,811,4,1
839,True,2,823,4,1
829,True,2,317,9,1
829,True,2,797,5,1
829,True,2,701,7,1
829,True,2,821,3,1
829,True,2,827,1,1
853,True,2,821,5,1
863,True,2,859,2,1
863,True,2,607,8,1
857,True,2,29,4,2
857,True,2,601,8,1
857,True,2,853,2,1
857,True,2,3,7,6
859,True,2,827,5,1
859,True,2,857,1,1
859,True,2,347,9,1
877,False,,,,
881,True,2,877,2,1
881,True,2,5,8,4
907,False,,,,
887,True,2,883,2,1
887,True,2,823,6,1
887,True,2,631,8,1
883,True,2,881,1,1
911,True,2,907,2,1
919,True,2,887,5,1
919,True,2,911,3,1
929,True,2,673,8,1
937,True,2,929,3,1
937,True,2,809,7,1
941,True,2,877,6,1
941,True,2,937,2,1
947,True,2,883,6,1
947,True,2,691,8,1
953,True,2,937,4,1
971,True,2,967,2,1
971,True,2,907,6,1
967,True,2,839,7,1
991,True,2,479,9,1
991,True,2,863,7,1
991,True,2,983,3,1
983,True,2,919,6,1
983,True,2,967,4,1
983,True,2,727,8,1
997,False,,,,
977,True,2,31,4,2
1009,True,2,881,7,1
1009,True,2,977,5,1
1013,True,2,757,8,1
1013,True,2,997,4,1
1013,True,2,1009,2,1
1019,False,,,,
1021,True,2,1013,3,1
1021,True,2,1019,1,1
1021,True,2,509,9,1
1031,True,2,7,10,1
1031,True,2,967,6,1
1033,True,2,521,9,1
1033,True,2,3,10,2
1033,True,2,1031,1,1
1049,True,2,1033,4,1
1049,True,2,5,10,2
1039,True,2,1031,3,1
1039,True,2,911,7,1
1051,True,2,1019,5,1
1051,True,2,1049,1,1
1051,True,2,3,10,3
1069,True,2,1061,3,1
1069,True,2,941,7,1
1069,True,2,557,9,1
1087,False,,,,
1063,True,2,1061,1,1
1063,True,2,1031,5,1
1061,True,2,997,6,1
1061,True,2,37,10,1
1091,True,2,1087,2,1
1091,True,2,67,10,1
1093,True,2,1061,5,1
1093,True,2,1091,1,1
1097,True,2,1033,6,1
1097,True,2,1093,2,1
1097,True,2,29,8,2
1097,True,2,73,10,1
1103,True,2,1039,6,1
1103,True,2,79,10,1
1103,True,2,1087,4,1
1109,True,2,853,8,1
1109,True,2,1093,4,1
1117,True,2,1109,3,1
1123,True,2,1091,5,1
1151,True,2,1087,6,1
1151,True,2,127,10,1
1153,True,2,1151,1,1
1153,True,2,641,9,1
1129,True,2,1097,5,1
1129,True,2,617,9,1
1163,True,2,139,10,1
1163,True,2,907,8,1
1181,True,2,157,10,1
1181,True,2,1117,6,1
1171,True,2,659,9,1
1171,True,2,1163,3,1
1187,True,2,1123,6,1
1187,True,2,163,10,1
1187,True,2,1171,4,1
1193,True,2,13,10,2
1193,True,2,937,8,1
1193,True,2,1129,6,1
1201,True,2,1193,3,1
1217,True,2,31,8,2
1217,True,2,193,10,1
1217,True,2,1213,2,1
1217,True,2,1153,6,1
1217,True,2,1201,4,1
1213,True,2,701,9,1
1213,True,2,1181,5,1
1223,True,2,199,10,1
1223,True,2,967,8,1
1231,True,2,1229,1,1
1231,True,2,719,9,1
1231,True,2,1103,7,1
1231,True,2,1223,3,1
1237,True,2,1229,3,1
1237,True,2,1109,7,1
1229,True,2,1213,4,1
1259,False,,,,
1277,True,2,1021,8,1
1277,True,2,1213,6,1
1249,True,2,1217,5,1
1283,True,2,1279,2,1
1279,True,2,1277,1,1
1279,True,2,1151,7,1
1289,True,2,1033,8,1
1291,True,2,1289,1,1
1291,True,2,1259,5,1
1291,True,2,1163,7,1
1291,True,2,1283,3,1
1297,True,2,1289,3,1
1301,True,2,277,10,1
1301,True,2,1297,2,1
1301,True,2,1237,6,1
1303,True,2,1301,1,1
1307,True,2,283,10,1
1307,True,2,1303,2,1
1307,True,2,1291,4,1
1307,True,2,1051,8,1
1321,True,2,1193,7,1
1321,True,2,1289,5,1
1321,True,2,1319,1,1
1321,True,2,809,9,1
1327,True,2,1319,3,1
1361,True,2,337,10,1
1361,True,2,1297,6,1
1373,True,2,1117,8,1
1373,True,2,37,2,2
1373,True,2,349,10,1
1319,True,2,1303,4,1
1319,True,2,1063,8,1
1367,True,2,1303,6,1
1367,True,2,7,10,3
1381,True,2,1373,3,1
1399,True,2,1367,5,1
1399,True,2,887,9,1
1423,True,2,911,9,1
1409,True,2,1153,8,1
1427,True,2,1423,2,1
1427,True,2,1171,8,1
1433,True,2,37,6,2
1433,True,2,1429,2,1
1433,True,2,409,10,1
1429,True,2,1427,1,1
1429,True,2,1301,7,1
1447,True,2,1319,7,1
1447,True,2,1439,3,1
1451,True,2,1447,2,1
1459,True,2,11,7,3
1459,True,2,947,9,1
1459,True,2,1451,3,1
1459,True,2,1427,5,1
1439,True,2,1423,4,1
1453,True,2,1451,1,1
1453,True,2,941,9,1
1481,True,2,457,10,1
1471,True,2,1439,5,1
1483,True,2,1481,1,1
1483,True,2,971,9,1
1483,True,2,1451,5,1
1489,True,2,1487,1,1
1489,True,2,1361,7,1
1489,True,2,977,9,1
1489,True,2,1481,3,1
1499,True,2,1483,4,1
1493,True,2,1237,8,1
1493,True,2,1429,6,1
1493,True,2,1489,2,1
1487,True,2,1423,6,1
1487,True,2,1231,8,1
1487,True,2,463,10,1
1487,True,2,1483,2,1
1487,True,2,1471,4,1
1523,True,2,1459,6,1
1523,True,2,499,10,1
1511,True,2,1447,6,1
1511,True,2,487,10,1
1531,True,2,1499,5,1
1531,True,2,1523,3,1
1531,True,2,1019,9,1
1543,True,2,1511,5,1
1543,True,2,1031,9,1
1553,True,2,23,10,2
1553,True,2,1297,8,1
1553,True,2,1489,6,1
1553,True,2,1549,2,1
1549,False,,,,
1559,True,2,1543,4,1
1559,True,2,1303,8,1
1567,True,2,1559,3,1
1567,True,2,1439,7,1
1571,True,2,547,10,1
1571,True,2,1567,2,1
1579,True,2,1571,3,1
1579,True,2,1451,7,1
1597,False,,,,
1607,True,2,1543,6,1
1583,True,2,1567,4,1
1583,True,2,1579,2,1
1583,True,2,1327,8,1
1601,True,2,1597,2,1
1601,True,2,577,10,1
1613,True,2,1597,4,1
1613,True,2,1609,2,1
1613,True,2,1549,6,1
1609,True,2,1601,3,1
1609,True,2,1481,7,1
1609,True,2,1607,1,1
1609,True,2,1097,9,1
1619,False,,,,
1621,True,2,1493,7,1
1621,True,2,1619,1,1
1621,True,2,1109,9,1
1621,True,2,1613,3,1
1627,True,2,1499,7,1
1627,True,2,1619,3,1
1657,False,,,,
1637,True,2,1621,4,1
1637,True,2,1381,8,1
1637,True,2,613,10,1
1667,True,2,1663,2,1
1667,True,2,643,10,1
1663,True,2,1151,9,1
1693,True,2,1181,9,1
1669,True,2,1667,1,1
1669,True,2,1637,5,1
1699,True,2,1667,5,1
1699,True,2,1697,1,1
1699,True,2,1571,7,1
1699,True,2,1187,9,1
1709,True,2,1693,4,1
1709,True,2,1453,8,1
1697,True,2,673,10,1
1697,True,2,1693,2,1
1697,True,2,41,4,2
1733,True,2,709,10,1
1733,True,2,1669,6,1
1723,True,2,1721,1,1
1721,True,2,1657,6,1
1741,True,2,1613,7,1
1741,True,2,1733,3,1
1741,True,2,1709,5,1
1741,True,2,1229,9,1
1747,True,2,1619,7,1
1777,False,,,,
1759,False,,,,
1753,True,2,3,10,6
1753,True,2,1721,5,1
1783,False,,,,
1787,True,2,1783,2,1
1787,True,2,1531,8,1
1787,True,2,1723,6,1
1801,True,2,1289,9,1
1789,True,2,1787,1,1
1789,True,2,1277,9,1
1811,True,2,1747,6,1
1811,True,2,787,10,1
1823,True,2,1759,6,1
1823,True,2,1567,8,1
1831,True,2,1319,9,1
1831,True,2,1823,3,1
1847,True,2,1783,6,1
1847,True,2,823,10,1
1847,True,2,1831,4,1
1871,True,2,1867,2,1
1873,True,2,1871,1,1
1873,True,2,1361,9,1
1861,True,2,1733,7,1
1867,False,,,,
1879,True,2,1877,1,1
1879,True,2,1367,9,1
1879,True,2,1847,5,1
1879,True,2,1871,3,1
1877,True,2,853,10,1
1877,True,2,1873,2,1
1877,True,2,1861,4,1
1877,True,2,1621,8,1
1889,True,2,1873,4,1
1901,True,2,877,10,1
1913,True,2,1657,8,1
1913,True,2,43,6,2
1907,True,2,883,10,1
1933,True,2,1931,1,1
1933,True,2,1901,5,1
1931,True,2,907,10,1
1931,True,2,1867,6,1
1951,True,2,1949,1,1
1951,True,2,1439,9,1
1951,True,2,1823,7,1
1949,True,2,1693,8,1
1949,True,2,1933,4,1
1979,True,2,1723,8,1
1987,True,2,1979,3,1
1993,True,2,1481,9,1
1973,False,,,,
1997,True,2,1741,8,1
1997,True,2,1993,2,1
1997,True,2,1933,6,1
1999,True,2,1997,1,1
1999,True,2,1487,9,1
1999,True,2,1871,7,1
2011,True,2,1979,5,1
2011,True,2,1499,9,1
2011,True,2,2003,3,1
2003,True,2,1999,2,1
2003,True,2,1987,4,1
2003,True,2,1747,8,1
2017,True,2,1889,7,1
2029,True,2,1901,7,1
2029,True,2,1997,5,1
2029,True,2,2027,1,1
2027,True,2,2011,4,1
2053,True,2,5,11,1
2063,True,2,1999,6,1
2063,True,2,1039,10,1
2039,True,2,1783,8,1
2069,True,2,2053,4,1
2081,True,2,2017,6,1
2083,True,2,1571,9,1
2083,True,2,2081,1,1
2087,True,2,1063,10,1
2087,True,2,1831,8,1
2087,True,2,2083,2,1
2089,True,2,41,11,1
2089,True,2,2081,3,1
2089,True,2,2087,1,1
2099,True,2,2083,4,1
2111,True,2,1087,10,1
2137,True,2,2129,3,1
2137,True,2,89,11,1
2131,True,2,83,11,1
2131,True,2,2129,1,1
2131,True,2,1619,9,1
2131,True,2,2099,5,1
2131,True,2,2003,7,1
2113,True,2,2111,1,1
2113,True,2,1601,9,1
2113,True,2,2081,5,1
2129,True,2,1873,8,1
2129,True,2,3,11,4
2129,True,2,2113,4,1
2153,True,2,2137,4,1
2153,True,2,2089,6,1
2153,True,2,1129,10,1
2143,True,2,2111,5,1
2143,True,2,2141,1,1
2161,True,2,113,11,1
2161,True,2,2129,5,1
2161,True,2,2153,3,1
2141,True,2,2137,2,1
2141,True,2,1117,10,1
2179,True,2,1667,9,1
2179,True,2,131,11,1
2203,True,2,3,4,7
2213,True,2,47,2,2
2213,True,2,13,4,3
2237,True,2,1213,10,1
2237,True,2,2221,4,1
2221,True,2,2213,3,1
2221,True,2,173,11,1
2221,True,2,1709,9,1
2207,True,2,2203,2,1
2207,True,2,2143,6,1
2207,True,2,1951,8,1
2239,True,2,2237,1,1
2239,True,2,2111,7,1
2239,True,2,2207,5,1
2239,True,2,191,11,1
2243,True,2,2179,6,1
2243,True,2,2239,2,1
2243,True,2,1987,8,1
2269,True,2,2141,7,1
2269,True,2,2237,5,1
2269,True,2,2267,1,1
2267,True,2,2011,8,1
2267,True,2,2251,4,1
2267,True,2,2203,6,1
2251,True,2,3,6,7
2251,True,2,2243,3,1
2281,True,2,2273,3,1
2281,True,2,233,11,1
2281,True,2,2153,7,1
2273,True,2,2017,8,1
2273,True,2,2269,2,1
2273,True,2,47,6,2
2273,True,2,1249,10,1
2297,True,2,2281,4,1
2297,True,2,2293,2,1
2309,True,2,2293,4,1
2309,True,2,2053,8,1
2287,True,2,239,11,1
2293,False,,,,
2311,True,2,2309,1,1
2311,True,2,263,11,1
2333,True,2,2269,6,1
2341,True,2,293,11,1
2341,True,2,2309,5,1
2341,True,2,2213,7,1
2341,True,2,2333,3,1
2341,True,2,2339,1,1
2339,True,2,2083,8,1
2351,True,2,1327,10,1
2351,True,2,2347,2,1
2351,True,2,2287,6,1
2347,True,2,2339,3,1
2357,True,2,2341,4,1
2357,True,2,2293,6,1
2377,False,,,,
2381,True,2,2377,2,1
2371,True,2,2243,7,1
2371,True,2,2339,5,1
2383,True,2,2381,1,1
2383,True,2,2351,5,1
2383,True,2,1871,9,1
2389,True,2,2357,5,1
2389,True,2,1877,9,1
2389,True,2,2381,3,1
2393,True,2,2137,8,1
2393,True,2,37,10,2
2393,True,2,2377,4,1
2393,True,2,2389,2,1
2399,True,2,2143,8,1
2399,True,2,2383,4,1
2411,True,2,2347,6,1
2417,True,2,7,4,4
2417,True,2,2161,8,1
2441,True,2,2437,2,1
2441,True,2,2377,6,1
2423,True,2,1399,10,1
2447,True,2,1423,10,1
2447,True,2,2383,6,1
2437,True,2,2309,7,1
2437,True,2,389,11,1
2459,True,2,2203,8,1
2473,True,2,2441,5,1
2503,False,,,,
2467,True,2,2339,7,1
2467,True,2,2459,3,1
2467,True,2,419,11,1
2477,True,2,1453,10,1
2477,True,2,2473,2,1
2477,True,2,2221,8,1
2521,True,2,2393,7,1
2531,True,2,2467,6,1
2539,True,2,491,11,1
2539,True,2,2411,7,1
2539,True,2,2531,3,1
2539,True,2,2027,9,1
2549,True,2,2293,8,1
2543,True,2,2539,2,1
2543,True,2,2287,8,1
2551,True,2,2423,7,1
2551,True,2,2549,1,1
2551,True,2,503,11,1
2551,True,2,2039,9,1
2551,True,2,2543,3,1
2557,True,2,509,11,1
2557,True,2,2549,3,1
2579,False,,,,
2591,True,2,1567,10,1
2593,True,2,2081,9,1
2593,True,2,2591,1,1
2617,True,2,569,11,1
2617,True,2,2609,3,1
2609,True,2,2593,4,1
2633,True,2,2377,8,1
2633,True,2,1609,10,1
2633,True,2,2617,4,1
2621,True,2,1597,10,1
2621,True,2,2617,2,1
2621,True,2,2557,6,1
2647,True,2,599,11,1
2657,True,2,2593,6,1
2657,True,2,7,8,4
2659,True,2,2657,1,1
2659,True,2,2531,7,1
2671,True,2,2663,3,1
2671,True,2,2543,7,1
2687,True,2,2671,4,1
2687,True,2,2683,2,1
2687,True,2,1663,10,1
2683,False,,,,
2677,True,2,2549,7,1
2663,True,2,2647,4,1
2663,True,2,2659,2,1
2693,True,2,2437,8,1
2693,True,2,2677,4,1
2693,True,2,2689,2,1
2693,True,2,1669,10,1
2689,True,2,2687,1,1
2689,True,2,641,11,1
2689,True,2,2657,5,1
2699,True,2,2683,4,1
2699,True,2,3,9,7
2707,True,2,2699,3,1
2707,True,2,2579,7,1
2707,True,2,659,11,1
2711,True,2,2647,6,1
2711,True,2,2707,2,1
2713,True,2,2711,1,1
2719,True,2,2591,7,1
2719,True,2,2711,3,1
2719,True,2,2207,9,1
2719,True,2,2687,5,1
2729,True,2,2713,4,1
2729,True,2,2473,8,1
2731,True,2,2729,1,1
2731,True,2,683,11,1
2731,True,2,2699,5,1
2741,True,2,2677,6,1
2753,True,2,2689,6,1
2753,True,2,2749,2,1
2767,True,2,719,11,1
2777,True,2,2713,6,1
2777,True,2,3,11,6
2777,True,2,1753,10,1
2777,True,2,2521,8,1
2789,False,,,,
2791,True,2,2789,1,1
2791,True,2,2663,7,1
2791,True,2,743,11,1
2801,True,2,1777,10,1
2801,True,2,2797,2,1
2797,True,2,2789,3,1
2749,True,2,2621,7,1
2749,True,2,701,11,1
2749,True,2,2237,9,1
2749,True,2,2741,3,1
2819,True,2,2803,4,1
2803,True,2,2801,1,1
2843,False,,,,
2851,True,2,2819,5,1
2851,True,2,2339,9,1
2851,True,2,2843,3,1
2837,True,2,2833,2,1
2833,True,2,2801,5,1
2857,True,2,809,11,1
2857,True,2,2729,7,1
2887,True,2,2879,3,1
2887,True,2,839,11,1
2861,True,2,2857,2,1
2861,True,2,2797,6,1
2879,False,,,,
2897,True,2,2833,6,1
2897,True,2,1873,10,1
2903,True,2,2887,4,1
2903,True,2,2647,8,1
2903,True,2,1879,10,1
2909,False,,,,
2927,True,2,2671,8,1
2917,True,2,2909,3,1
2917,True,2,2789,7,1
2953,True,2,2441,9,1
2939,True,2,2683,8,1
2957,True,2,1933,10,1
2957,True,2,2953,2,1
2999,False,,,,
2969,True,2,2953,4,1
2969,True,2,2713,8,1
2963,True,2,2707,8,1
2971,True,2,2459,9,1
2971,True,2,2843,7,1
2971,True,2,2963,3,1
2971,True,2,2969,1,1
2971,True,2,2939,5,1
3001,True,2,953,11,1
3001,True,2,2969,5,1
3001,True,2,2999,1,1
3011,True,2,1987,10,1
3019,True,2,3011,3,1
3019,True,2,971,11,1
3023,True,2,1999,10,1
3023,True,2,3019,2,1
3023,True,2,2767,8,1
3041,True,2,3037,2,1
3041,True,2,2017,10,1
3049,True,2,3041,3,1
3067,True,2,1019,11,1
3067,True,2,2939,7,1
3037,True,2,2909,7,1
3061,True,2,1013,11,1
3061,True,2,2549,9,1
3079,True,2,1031,11,1
3083,True,2,3079,2,1
3083,True,2,3019,6,1
3083,True,2,3067,4,1
3089,True,2,2833,8,1
3109,True,2,1061,11,1
3121,True,2,3089,5,1
3121,True,2,2609,9,1
3121,True,2,3119,1,1
3119,False,,,,
3137,True,2,3121,4,1
3137,True,2,2113,10,1
3167,True,2,3163,2,1
3167,True,2,2143,10,1
3163,False,,,,
3187,False,,,,
3181,False,,,,
3191,True,2,3187,2,1
3169,True,2,3041,7,1
3169,True,2,3137,5,1
3169,True,2,3167,1,1
3169,True,2,2657,9,1
3203,True,2,3187,4,1
3203,True,2,2179,10,1
3209,True,2,2953,8,1
3217,True,2,3209,3,1
3217,True,2,3089,7,1
3221,True,2,3217,2,1
3221,True,2,13,10,3
3229,True,2,1181,11,1
3229,True,2,3221,3,1
3253,True,2,3221,5,1
3253,True,2,5,7,5
3253,True,2,3251,1,1
3253,True,2,2741,9,1
3259,True,2,3257,1,1
3259,True,2,3251,3,1
3251,True,2,3187,6,1
3257,True,2,3001,8,1
3257,True,2,3253,2,1
3271,True,2,1223,11,1
3299,False,,,,
3301,True,2,2789,9,1
3301,True,2,3299,1,1
3319,True,2,3191,7,1
3313,True,2,2801,9,1
3307,True,2,3299,3,1
3307,True,2,1259,11,1
3329,True,2,3313,4,1
3331,True,2,1283,11,1
3331,True,2,2819,9,1
3331,True,2,3329,1,1
3331,True,2,3299,5,1
3331,True,2,3203,7,1
3331,True,2,3323,3,1
3323,True,2,3259,6,1
3323,True,2,3319,2,1
3323,True,2,3067,8,1
3323,True,2,3307,4,1
3343,False,,,,
3347,True,2,3343,2,1
3347,True,2,3331,4,1
3359,True,2,3343,4,1
3361,True,2,3329,5,1
3361,True,2,3359,1,1
3371,True,2,3307,6,1
3371,True,2,2347,10,1
3389,True,2,3373,4,1
3373,True,2,3371,1,1
3373,True,2,2861,9,1
3407,True,2,3391,4,1
3407,True,2,3343,6,1
3407,True,2,2383,10,1
3391,True,2,3389,1,1
3391,True,2,3359,5,1
3391,True,2,2879,9,1
3413,True,2,2389,10,1
3449,True,2,3433,4,1
3457,True,2,3449,3,1
3457,True,2,1409,11,1
3457,True,2,3329,7,1
3433,False,,,,
3461,True,2,2437,10,1
3461,True,2,3457,2,1
3463,True,2,3461,1,1
3467,True,2,3463,2,1
3469,True,2,3467,1,1
3469,True,2,2957,9,1
3469,True,2,3461,3,1
3491,True,2,2467,10,1
3499,True,2,3467,5,1
3499,True,2,3371,7,1
3499,True,2,3491,3,1
3499,True,2,1451,11,1
3517,True,2,3389,7,1
3511,True,2,2999,9,1
3527,True,2,3271,8,1
3527,True,2,3463,6,1
3527,True,2,3511,4,1
3527,True,2,2503,10,1
3529,True,2,1481,11,1
3529,True,2,3527,1,1
3533,True,2,3529,2,1
3533,True,2,3517,4,1
3533,True,2,3469,6,1
3539,False,,,,
3541,True,2,1493,11,1
3541,True,2,3533,3,1
3541,True,2,3539,1,1
3541,True,2,3413,7,1
3547,True,2,3539,3,1
3547,True,2,1499,11,1
3557,True,2,3301,8,1
3557,True,2,3541,4,1
3559,True,2,3527,5,1
3559,True,2,3557,1,1
3559,True,2,1511,11,1
3571,True,2,3539,5,1
3571,True,2,1523,11,1
3583,True,2,3581,1,1
3581,True,2,3517,6,1
3581,True,2,2557,10,1
3593,True,2,3529,6,1
3607,True,2,1559,11,1
3631,True,2,3119,9,1
3631,True,2,3623,3,1
3631,True,2,1583,11,1
3613,True,2,3581,5,1
3623,True,2,3607,4,1
3623,True,2,3559,6,1
3617,True,2,3361,8,1
3617,True,2,3613,2,1
3617,True,2,2593,10,1
3637,True,2,5,9,5
3659,True,2,3643,4,1
3643,False,,,,
3673,True,2,3671,1,1
3671,True,2,3607,6,1
3671,True,2,2647,10,1
3677,True,2,3613,6,1
3677,True,2,3673,2,1
3697,False,,,,
3691,True,2,3659,5,1
3701,True,2,2677,10,1
3701,True,2,3697,2,1
3701,True,2,3637,6,1
3709,True,2,3701,3,1
3709,True,2,3581,7,1
3709,True,2,3677,5,1
3719,True,2,3463,8,1
3727,True,2,3719,3,1
3739,False,,,,
3733,True,2,3701,5,1
3733,True,2,3221,9,1
3761,True,2,3697,6,1
3767,True,2,3511,8,1
3769,True,2,1721,11,1
3769,True,2,3767,1,1
3769,True,2,3257,9,1
3769,True,2,3761,3,1
3793,True,2,3761,5,1
3797,True,2,3541,8,1
3797,True,2,3793,2,1
3797,True,2,3733,6,1
3779,False,,,,
3803,True,2,3739,6,1
3803,True,2,3547,8,1
3821,True,2,2797,10,1
3833,True,2,3769,6,1
3833,True,2,53,10,2
3847,True,2,3719,7,1
3823,True,2,3821,1,1
3851,True,2,3847,2,1
3863,True,2,3607,8,1
3863,True,2,3847,4,1
3881,True,2,2857,10,1
3881,True,2,3877,2,1
3877,False,,,,
3853,True,2,3851,1,1
3853,True,2,3821,5,1
3889,True,2,3881,3,1
3889,True,2,3761,7,1
3907,True,2,3779,7,1
3917,True,2,3853,6,1
3911,True,2,2887,10,1
3911,True,2,3907,2,1
3911,True,2,3847,6,1
3919,True,2,3407,9,1
3919,True,2,3911,3,1
3919,True,2,3917,1,1
3919,True,2,1871,11,1
3923,True,2,3919,2,1
3923,True,2,3907,4,1
3929,True,2,3673,8,1
3947,True,2,3943,2,1
3947,True,2,3691,8,1
3947,True,2,3931,4,1
3943,True,2,3911,5,1
3967,False,,,,
3931,True,2,3929,1,1
3931,True,2,3803,7,1
3931,True,2,3923,3,1
3989,True,2,3733,8,1
4001,False,,,,
4013,False,,,,
4003,True,2,4001,1,1
4003,True,2,3491,9,1
4007,True,2,4003,2,1
4007,True,2,3943,6,1
4019,True,2,4003,4,1
4027,True,2,4019,3,1
4027,True,2,1979,11,1
4021,True,2,1973,11,1
4021,True,2,3989,5,1
4021,True,2,4019,1,1
4021,True,2,4013,3,1
4057,True,2,3929,7,1
4057,True,2,4049,3,1
4051,True,2,4019,5,1
4051,True,2,4049,1,1
4051,True,2,3923,7,1
4051,True,2,2003,11,1
4051,True,2,3539,9,1
4073,True,2,4057,4,1
4073,True,2,3049,10,1
4049,True,2,3793,8,1
4091,True,2,4027,6,1
4091,True,2,3067,10,1
4093,True,2,4091,1,1
4093,True,2,3581,9,1
4079,True,2,3823,8,1
4099,True,2,3,12,1
4099,True,2,4091,3,1
4111,True,2,2063,11,1
4111,True,2,4079,5,1
4129,True,2,4127,1,1
4129,True,2,3617,9,1
4129,True,2,2081,11,1
4129,True,2,4001,7,1
4127,True,2,4111,4,1
4127,True,2,31,12,1
4139,True,2,43,12,1
4133,True,2,3877,8,1
4133,True,2,4129,2,1
4133,True,2,3109,10,1
4133,True,2,37,12,1
4153,False,,,,
4159,True,2,4157,1,1
4159,True,2,2111,11,1
4159,True,2,4127,5,1
4157,True,2,4153,2,1
4157,True,2,4093,6,1
4157,True,2,61,12,1
4177,True,2,3,12,4
4177,True,2,2129,11,1
4177,True,2,4049,7,1
4201,True,2,4073,7,1
4201,True,2,2153,11,1
4211,True,2,3187,10,1
4229,False,,,,
4231,True,2,4229,1,1
4231,True,2,3719,9,1
4217,True,2,4153,6,1
4217,True,2,4201,4,1
4217,True,2,11,12,2
4219,True,2,4091,7,1
4219,True,2,4211,3,1
4219,True,2,4217,1,1
4241,True,2,3217,10,1
4241,True,2,4177,6,1
4243,True,2,4211,5,1
4243,True,2,4241,1,1
4253,True,2,3229,10,1
4253,True,2,157,12,1
4259,True,2,163,12,1
4259,True,2,4003,8,1
4259,True,2,4243,4,1
4261,True,2,2213,11,1
4261,True,2,4229,5,1
4261,True,2,4259,1,1
4261,True,2,4133,7,1
4261,True,2,4253,3,1
4271,False,,,,
4273,True,2,4271,1,1
4273,True,2,3761,9,1
4273,True,2,4241,5,1
4289,True,2,193,12,1
4289,True,2,4273,4,1
4297,True,2,4289,3,1
4327,False,,,,
4283,True,2,3259,10,1
4283,True,2,4027,8,1
4283,True,2,4219,6,1
4337,True,2,4273,6,1
4337,True,2,3313,10,1
4337,True,2,241,12,1
4349,True,2,4093,8,1
4339,True,2,4337,1,1
4339,True,2,4211,7,1
4339,True,2,3,12,5
4357,True,2,2309,11,1
4357,True,2,4229,7,1
4357,True,2,4349,3,1
4363,True,2,3851,9,1
4373,True,2,4357,4,1
4373,True,2,277,12,1
4391,True,2,4327,6,1
4397,True,2,3373,10,1
4421,True,2,4357,6,1
4409,True,2,313,12,1
4409,True,2,4153,8,1
4423,True,2,4391,5,1
4423,True,2,3911,9,1
4423,True,2,4421,1,1
4447,True,2,2399,11,1
4441,True,2,2393,11,1
4441,True,2,4409,5,1
4441,True,2,3929,9,1
4457,True,2,4201,8,1
4457,True,2,4441,4,1
4457,True,2,3433,10,1
4457,True,2,19,12,2
4451,True,2,4447,2,1
4463,True,2,4447,4,1
4463,True,2,367,12,1
4481,True,2,3457,10,1
4483,True,2,4481,1,1
4483,True,2,4451,5,1
4493,True,2,397,12,1
4493,True,2,3469,10,1
4493,True,2,67,2,2
4507,True,2,2459,11,1
4513,True,2,4481,5,1
4513,True,2,4001,9,1
4517,True,2,4261,8,1
4517,True,2,4513,2,1
4517,True,2,421,12,1
4523,True,2,4519,2,1
4523,True,2,4507,4,1
4523,True,2,3499,10,1
4519,True,2,4391,7,1
4519,True,2,4517,1,1
4519,True,2,4007,9,1
4561,True,2,4049,9,1
4549,True,2,4421,7,1
4549,True,2,4517,5,1
4549,True,2,4547,1,1
4547,True,2,4483,6,1
4567,False,,,,
4583,True,2,3559,10,1
4583,True,2,4519,6,1
4583,True,2,4567,4,1
4583,True,2,4327,8,1
4583,True,2,487,12,1
4597,True,2,2549,11,1
4591,True,2,4079,9,1
4591,True,2,4463,7,1
4591,True,2,4583,3,1
4591,True,2,2543,11,1
4621,True,2,4493,7,1
4603,True,2,4091,9,1
4639,True,2,4637,1,1
4639,True,2,2591,11,1
4639,True,2,4127,9,1
4637,True,2,3613,10,1
4637,True,2,4621,4,1
4637,True,2,541,12,1
4643,True,2,547,12,1
4643,True,2,4639,2,1
4657,True,2,2609,11,1
4657,True,2,4649,3,1
4651,True,2,4139,9,1
4651,True,2,4649,1,1
4651,True,2,4523,7,1
4651,True,2,4643,3,1
4649,False,,,,
4663,False,,,,
4673,True,2,4657,4,1
4673,True,2,577,12,1
4679,True,2,4423,8,1
4679,True,2,4663,4,1
4703,True,2,4639,6,1
4703,True,2,4447,8,1
4703,True,2,607,12,1
4691,False,,,,
4723,True,2,4691,5,1
4723,True,2,4721,1,1
4723,True,2,4211,9,1
4721,True,2,5,12,4
4721,True,2,4657,6,1
4721,True,2,3697,10,1
4729,True,2,4217,9,1
4729,True,2,4721,3,1
4751,True,2,3727,10,1
4733,True,2,3709,10,1
4733,True,2,4729,2,1
4783,True,2,4271,9,1
4783,True,2,4751,5,1
4759,True,2,4751,3,1
4759,True,2,2711,11,1
4787,True,2,4723,6,1
4787,True,2,4783,2,1
4787,True,2,691,12,1
4793,True,2,3769,10,1
4793,True,2,4789,2,1
4793,True,2,4729,6,1
4799,True,2,4783,4,1
4789,True,2,2741,11,1
4789,True,2,4787,1,1
4801,True,2,4799,1,1
4801,True,2,4289,9,1
4801,True,2,2753,11,1
4801,True,2,4673,7,1
4801,True,2,4793,3,1
4813,False,,,,
4831,True,2,4703,7,1
4831,True,2,4799,5,1
4871,True,2,3847,10,1
4817,True,2,4561,8,1
4817,True,2,3793,10,1
4817,True,2,4813,2,1
4817,True,2,4801,4,1
4861,True,2,4733,7,1
4861,True,2,4349,9,1
4877,True,2,4621,8,1
4877,True,2,4861,4,1
4877,True,2,4813,6,1
4877,True,2,3853,10,1
4889,False,,,,
4909,True,2,2861,11,1
4909,True,2,4877,5,1
4909,True,2,4397,9,1
4903,True,2,4391,9,1
4903,True,2,4871,5,1
4919,True,2,4663,8,1
4919,True,2,4903,4,1
4919,True,2,823,12,1
4931,True,2,3907,10,1
4943,True,2,3919,10,1
4933,True,2,4931,1,1
4933,True,2,4421,9,1
4951,True,2,4943,3,1
4951,True,2,2903,11,1
4951,True,2,4919,5,1
4937,True,2,4933,2,1
4937,True,2,29,12,2
4957,True,2,2909,11,1
4969,True,2,4937,5,1
4969,True,2,4967,1,1
4969,True,2,4457,9,1
4987,True,2,2939,11,1
4967,True,2,4903,6,1
4967,True,2,4951,4,1
4967,True,2,3943,10,1
4993,True,2,4481,9,1
4973,True,2,877,12,1
4973,True,2,4969,2,1
4973,True,2,4909,6,1
4973,True,2,4957,4,1
4999,True,2,4871,7,1
4999,True,2,4967,5,1
5003,True,2,4999,2,1
5003,True,2,4987,4,1
5003,True,2,907,12,1
5009,True,2,4993,4,1
5021,True,2,4957,6,1
5011,True,2,5009,1,1
5011,True,2,5003,3,1
5011,True,2,2963,11,1
5023,True,2,5021,1,1
5039,True,2,4783,8,1
5039,True,2,5023,4,1
5051,True,2,4987,6,1
5051,True,2,4027,10,1
5081,True,2,5077,2,1
5081,True,2,4057,10,1
5077,False,,,,
5059,True,2,4547,9,1
5059,True,2,4931,7,1
5059,True,2,3011,11,1
5059,True,2,5051,3,1
5087,True,2,5023,6,1
5087,True,2,991,12,1
5087,True,2,4831,8,1
5099,False,,,,
5107,True,2,5099,3,1
5113,True,2,5081,5,1
5101,True,2,4973,7,1
5101,True,2,5099,1,1
5119,True,2,5087,5,1
5153,True,2,4129,10,1
5167,True,2,5039,7,1
5167,True,2,3119,11,1
5147,True,2,1051,12,1
5171,True,2,5167,2,1
5171,True,2,5107,6,1
5179,True,2,5171,3,1
5179,True,2,5051,7,1
5179,True,2,5147,5,1
5189,True,2,4933,8,1
5189,True,2,1093,12,1
5197,True,2,5189,3,1
5231,True,2,5227,2,1
5231,True,2,5167,6,1
5209,True,2,5081,7,1
5227,True,2,5099,7,1
5237,True,2,5233,2,1
5261,True,2,5197,6,1
5233,True,2,4721,9,1
5233,True,2,5231,1,1
5279,True,2,5023,8,1
5281,True,2,5279,1,1
5281,True,2,5273,3,1
5281,True,2,5153,7,1
5273,True,2,5209,6,1
5303,False,,,,
5309,True,2,1213,12,1
5297,True,2,4273,10,1
5297,True,2,5233,6,1
5297,True,2,71,8,2
5297,True,2,1201,12,1
5297,True,2,5281,4,1
5333,True,2,1237,12,1
5333,True,2,73,2,2
5333,True,2,5077,8,1
5323,False,,,,
5347,True,2,3299,11,1
5381,True,2,4357,10,1
5351,True,2,4327,10,1
5351,True,2,5347,2,1
5393,True,2,73,6,2
5393,True,2,1297,12,1
5387,True,2,1291,12,1
5387,True,2,5323,6,1
5387,True,2,4363,10,1
5399,True,2,1303,12,1
5413,True,2,5381,5,1
5407,True,2,5399,3,1
5407,True,2,3359,11,1
5407,True,2,5279,7,1
5419,True,2,5417,1,1
5419,True,2,3371,11,1
5419,True,2,5387,5,1
5417,True,2,5413,2,1
5417,True,2,1321,12,1
5431,True,2,4919,9,1
5431,True,2,5303,7,1
5431,True,2,5399,5,1
5443,True,2,5441,1,1
5443,True,2,4931,9,1
5441,True,2,5437,2,1
5437,True,2,3389,11,1
5437,True,2,5309,7,1
5449,True,2,5417,5,1
5449,True,2,4937,9,1
5449,True,2,5441,3,1
5471,True,2,4447,10,1
5471,True,2,5407,6,1
5477,True,2,5413,6,1
5477,True,2,1381,12,1
5479,True,2,4967,9,1
5479,True,2,5351,7,1
5479,True,2,5471,3,1
5479,True,2,5477,1,1
5483,True,2,5227,8,1
5483,True,2,5479,2,1
5483,True,2,5419,6,1
5501,True,2,5437,6,1
5519,True,2,1423,12,1
5519,True,2,5503,4,1
5503,True,2,5471,5,1
5503,True,2,5501,1,1
5507,True,2,5443,6,1
5507,True,2,5503,2,1
5507,True,2,4483,10,1
5521,True,2,5519,1,1
5521,True,2,5009,9,1
5521,True,2,5393,7,1
5527,True,2,5399,7,1
5527,True,2,5519,3,1
5557,False,,,,
5563,True,2,5051,9,1
5563,True,2,5531,5,1
5531,True,2,5527,2,1
5531,True,2,4507,10,1
5569,True,2,5441,7,1
5573,True,2,5569,2,1
5573,True,2,5557,4,1
5573,True,2,4549,10,1
5581,True,2,3533,11,1
5581,True,2,5573,3,1
5591,True,2,5527,6,1
5591,True,2,4567,10,1
5623,True,2,5591,5,1
5641,True,2,3593,11,1
5641,True,2,5639,1,1
5639,True,2,1543,12,1
5639,True,2,5623,4,1
5647,True,2,5519,7,1
5647,True,2,5639,3,1
5657,True,2,5641,4,1
5657,True,2,5653,2,1
5653,True,2,5651,1,1
5651,True,2,5647,2,1
5683,True,2,5651,5,1
5683,True,2,5171,9,1
5659,True,2,5531,7,1
5659,True,2,5651,3,1
5659,True,2,5657,1,1
5659,True,2,5147,9,1
5669,True,2,5653,4,1
5669,True,2,5413,8,1
5689,True,2,5657,5,1
5693,True,2,1597,12,1
5693,True,2,5689,2,1
5693,True,2,5437,8,1
5701,True,2,5669,5,1
5701,True,2,5693,3,1
5701,True,2,5189,9,1
5701,True,2,5573,7,1
5711,True,2,5647,6,1
5717,True,2,1621,12,1
5717,True,2,5701,4,1
5717,True,2,5653,6,1
5737,False,,,,
5743,True,2,5741,1,1
5743,True,2,5231,9,1
5743,True,2,5711,5,1
5741,True,2,5737,2,1
5749,True,2,3701,11,1
5749,True,2,5717,5,1
5749,True,2,5237,9,1
5749,True,2,5741,3,1
5779,True,2,5651,7,1
5783,True,2,5527,8,1
5783,True,2,4759,10,1
5783,True,2,5779,2,1
5807,True,2,4783,10,1
5807,True,2,5791,4,1
5807,True,2,5743,6,1
5791,True,2,5279,9,1
5791,True,2,5783,3,1
5801,True,2,5737,6,1
5813,True,2,5557,8,1
5813,True,2,5749,6,1
5813,True,2,4789,10,1
5821,True,2,5813,3,1
5821,True,2,5309,9,1
5821,True,2,5693,7,1
5839,True,2,5807,5,1
5839,True,2,5711,7,1
5827,True,2,3779,11,1
5843,True,2,1747,12,1
5843,True,2,5827,4,1
5843,True,2,5779,6,1
5843,True,2,5839,2,1
5849,True,2,1753,12,1
5857,True,2,5849,3,1
5861,True,2,5857,2,1
5851,True,2,5843,3,1
5851,True,2,3803,11,1
5851,True,2,5849,1,1
5867,True,2,5851,4,1
5869,True,2,3821,11,1
5869,True,2,5861,3,1
5869,True,2,5867,1,1
5869,True,2,5741,7,1
5879,True,2,5623,8,1
5879,True,2,1783,12,1
5897,True,2,5641,8,1
5897,True,2,5881,4,1
5897,True,2,1801,12,1
5881,True,2,3833,11,1
5881,True,2,5849,5,1
5881,True,2,5879,1,1
5903,True,2,5647,8,1
5903,True,2,5839,6,1
5923,False,,,,
5927,True,2,5923,2,1
5927,True,2,1831,12,1
5927,True,2,4903,10,1
5939,True,2,5683,8,1
5939,True,2,5923,4,1
5981,True,2,4957,10,1
5987,True,2,5923,6,1
5953,True,2,5441,9,1
6011,True,2,4987,10,1
6011,True,2,6007,2,1
6007,True,2,5879,7,1
6029,True,2,1933,12,1
6037,True,2,6029,3,1
6037,True,2,3989,11,1
6043,True,2,5531,9,1
6043,True,2,6011,5,1
6053,True,2,6037,4,1
6047,True,2,5023,10,1
6047,True,2,6043,2,1
6047,True,2,5791,8,1
6047,True,2,1951,12,1
6067,True,2,5939,7,1
6067,True,2,4019,11,1
6079,True,2,6047,5,1
6089,True,2,1993,12,1
6089,True,2,6073,4,1
6073,False,,,,
6091,True,2,6089,1,1
6101,True,2,5077,10,1
6101,True,2,6037,6,1
6113,True,2,5857,8,1
6113,True,2,2017,12,1
6131,True,2,6067,6,1
6131,True,2,5107,10,1
6133,True,2,6131,1,1
6133,True,2,6101,5,1
6121,True,2,4073,11,1
6121,True,2,6089,5,1
6121,True,2,6113,3,1
6151,True,2,5639,9,1
6151,True,2,6143,3,1
6143,True,2,6079,6,1
6143,True,2,5119,10,1
6163,True,2,5651,9,1
6163,True,2,6131,5,1
6197,True,2,6133,6,1
6173,False,,,,
6199,True,2,6197,1,1
6203,True,2,6199,2,1
6203,True,2,5179,10,1
6211,True,2,6203,3,1
6217,True,2,6089,7,1
6221,True,2,6217,2,1
6221,True,2,5197,10,1
6247,False,,,,
6257,True,2,2161,12,1
6257,True,2,5233,10,1
6257,True,2,79,4,2
6229,True,2,6101,7,1
6229,True,2,6197,5,1
6229,True,2,6221,3,1
6229,True,2,5717,9,1
6269,False,,,,
6263,True,2,6007,8,1
6263,True,2,6247,4,1
6263,True,2,6199,6,1
6271,True,2,6269,1,1
6271,True,2,6263,3,1
6271,True,2,6143,7,1
6277,True,2,6269,3,1
6277,True,2,4229,11,1
6287,True,2,6271,4,1
6311,True,2,6247,6,1
6299,True,2,6043,8,1
6299,True,2,2203,12,1
6301,True,2,4253,11,1
6301,True,2,6269,5,1
6301,True,2,6299,1,1
6301,True,2,6173,7,1
6317,True,2,6301,4,1
6317,True,2,2221,12,1
6323,True,2,6067,8,1
6329,True,2,6073,8,1
6343,True,2,6311,5,1
6337,True,2,4289,11,1
6337,True,2,6329,3,1
6361,True,2,6359,1,1
6361,True,2,5849,9,1
6361,True,2,6329,5,1
6361,True,2,6353,3,1
6359,True,2,6343,4,1
6353,True,2,6337,4,1
6353,True,2,73,10,2
6373,True,2,5861,9,1
6367,True,2,6359,3,1
6389,True,2,2293,12,1
6389,True,2,6373,4,1
6389,True,2,6133,8,1
6379,True,2,5867,9,1
6397,True,2,4349,11,1
6397,True,2,6389,3,1
6397,True,2,6269,7,1
6427,True,2,6299,7,1
6421,True,2,4373,11,1
6421,True,2,6389,5,1
6449,False,,,,
6451,True,2,6449,1,1
6451,True,2,6323,7,1
6451,True,2,5939,9,1
6469,True,2,4421,11,1
6473,True,2,6469,2,1
6473,True,2,5449,10,1
6473,True,2,2377,12,1
6473,True,2,6217,8,1
6481,True,2,6473,3,1
6481,True,2,6449,5,1
6481,True,2,6353,7,1
6491,True,2,6427,6,1
6547,False,,,,
6521,False,,,,
6529,True,2,4481,11,1
6529,True,2,6521,3,1
6551,True,2,5527,10,1
6551,True,2,6547,2,1
6553,True,2,6521,5,1
6553,True,2,6551,1,1
6563,True,2,3,1,8
6563,True,2,2467,12,1
6563,True,2,6547,4,1
6569,True,2,2473,12,1
6569,True,2,6553,4,1
6569,True,2,3,3,8
6571,True,2,6563,3,1
6571,True,2,6569,1,1
6571,True,2,4523,11,1
6581,True,2,5557,10,1
6581,True,2,6577,2,1
6577,True,2,6569,3,1
6577,True,2,6449,7,1
6577,True,2,3,4,8
6607,True,2,6599,3,1
6599,True,2,6343,8,1
6599,True,2,2503,12,1
6653,True,2,6637,4,1
6653,True,2,6397,8,1
6653,True,2,2557,12,1
6619,True,2,6491,7,1
6637,False,,,,
6661,True,2,6659,1,1
6661,True,2,6653,3,1
6673,False,,,,
6679,True,2,6551,7,1
6659,False,,,,
6689,True,2,6673,4,1
6689,True,2,2593,12,1
6689,True,2,3,7,8
6691,True,2,6689,1,1
6691,True,2,6563,7,1
6691,True,2,4643,11,1
6691,True,2,6659,5,1
6701,True,2,6637,6,1
6703,True,2,6701,1,1
6709,True,2,6197,9,1
6709,True,2,6581,7,1
6709,True,2,6701,3,1
6719,True,2,6703,4,1
6733,True,2,6701,5,1
6733,True,2,6221,9,1
6761,True,2,5737,10,1
6763,True,2,6761,1,1
6737,True,2,6673,6,1
6737,True,2,6733,2,1
6737,True,2,6481,8,1
6781,True,2,6779,1,1
6781,True,2,6269,9,1
6781,True,2,6653,7,1
6781,True,2,4733,11,1
6779,True,2,2683,12,1
6779,True,2,6763,4,1
6793,True,2,6761,5,1
6793,True,2,6791,1,1
6803,True,2,6547,8,1
6803,True,2,2707,12,1
6803,True,2,5779,10,1
6791,False,,,,
6823,True,2,6791,5,1
6823,True,2,6311,9,1
6829,True,2,6827,1,1
6829,True,2,6317,9,1
6829,True,2,6701,7,1
6827,True,2,2731,12,1
6827,True,2,6571,8,1
6827,True,2,6763,6,1
6827,True,2,6823,2,1
6841,True,2,4793,11,1
6841,True,2,6329,9,1
6841,True,2,6833,3,1
6833,True,2,6577,8,1
6833,True,2,6829,2,1
6857,True,2,6841,4,1
6857,True,2,6793,6,1
6863,True,2,6607,8,1
6863,True,2,19,2,3
6863,True,2,2767,12,1
6863,True,2,5839,10,1
6869,False,,,,
6883,False,,,,
6871,True,2,6359,9,1
6871,True,2,6863,3,1
6871,True,2,6869,1,1
6899,True,2,2803,12,1
6899,True,2,6883,4,1
6911,True,2,6907,2,1
6947,True,2,6691,8,1
6947,True,2,6883,6,1
6947,True,2,2851,12,1
6947,True,2,5923,10,1
6907,True,2,6779,7,1
6907,True,2,6899,3,1
6949,True,2,6917,5,1
6949,True,2,6947,1,1
6959,True,2,6703,8,1
6917,True,2,6661,8,1
6961,True,2,6959,1,1
6961,True,2,6449,9,1
6961,True,2,17,11,3
6961,True,2,6833,7,1
6967,True,2,6959,3,1
6967,True,2,4919,11,1
6971,True,2,6967,2,1
6971,True,2,6907,6,1
6983,True,2,6967,4,1
6983,True,2,2887,12,1
6977,True,2,6961,4,1
6977,True,2,5953,10,1
6991,True,2,6983,3,1
6991,True,2,6863,7,1
6991,True,2,4943,11,1
6991,True,2,6959,5,1
6997,True,2,6869,7,1
7001,True,2,6997,2,1
7019,True,2,6763,8,1
7013,True,2,6997,4,1
7013,True,2,6949,6,1
7013,True,2,2917,12,1
7039,True,2,6911,7,1
7043,True,2,7039,2,1
7043,True,2,7027,4,1
7027,True,2,7019,3,1
7027,True,2,6899,7,1
7079,True,2,6823,8,1
7057,True,2,5009,11,1
7069,True,2,5021,11,1
7103,True,2,6079,10,1
7103,True,2,7039,6,1
7109,False,,,,
7129,True,2,7127,1,1
7129,True,2,7001,7,1
7129,True,2,7121,3,1
7129,True,2,5081,11,1
7127,True,2,6871,8,1
7151,False,,,,
7121,True,2,7057,6,1
7177,False,,,,
7187,True,2,6163,10,1
7159,True,2,7151,3,1
7159,True,2,7127,5,1
7193,True,2,7177,4,1
7193,True,2,7129,6,1
7211,True,2,7207,2,1
7213,True,2,7211,1,1
7213,True,2,6701,9,1
7207,True,2,7079,7,1
7229,True,2,7213,4,1
7219,True,2,7211,3,1
7219,True,2,5171,11,1
7219,True,2,7187,5,1
7243,True,2,7211,5,1
7237,True,2,5189,11,1
7237,True,2,7109,7,1
7237,True,2,7229,3,1
7247,True,2,6991,8,1
7247,True,2,7243,2,1
7253,True,2,7237,4,1
7253,True,2,6229,10,1
7253,True,2,6997,8,1
7283,True,2,7027,8,1
7283,True,2,7219,6,1
7283,True,2,3187,12,1
7307,True,2,7243,6,1
7297,False,,,,
7321,True,2,7193,7,1
7321,True,2,5273,11,1
7331,False,,,,
7333,True,2,7331,1,1
7309,True,2,5261,11,1
7309,True,2,7307,1,1
7351,True,2,7349,1,1
7351,True,2,5303,11,1
7369,True,2,6857,9,1
7349,True,2,7333,4,1
7349,True,2,3253,12,1
7393,False,,,,
7411,True,2,6899,9,1
7411,True,2,7283,7,1
7433,True,2,7417,4,1
7433,True,2,7369,6,1
7433,True,2,7177,8,1
7417,False,,,,
7457,True,2,7393,6,1
7457,True,2,3361,12,1
7451,True,2,6427,10,1
7477,True,2,7349,7,1
7459,True,2,7331,7,1
7459,True,2,7451,3,1
7459,True,2,6947,9,1
7459,True,2,7457,1,1
7481,True,2,7417,6,1
7481,True,2,7477,2,1
7489,True,2,5441,11,1
7489,True,2,7481,3,1
7489,True,2,6977,9,1
7489,True,2,7457,5,1
7489,True,2,7487,1,1
7487,True,2,3391,12,1
7507,True,2,7499,3,1
7499,True,2,7243,8,1
7517,False,,,,
7529,True,2,3433,12,1
7523,True,2,7507,4,1
7523,True,2,7459,6,1
7537,True,2,7529,3,1
7541,True,2,7477,6,1
7541,True,2,7537,2,1
7547,False,,,,
7573,True,2,7541,5,1
7549,True,2,7541,3,1
7549,True,2,7547,1,1
7549,True,2,7517,5,1
7549,True,2,5501,11,1
7561,True,2,7433,7,1
7561,True,2,7529,5,1
7561,True,2,7559,1,1
7559,True,2,3463,12,1
7577,True,2,7321,8,1
7577,True,2,59,12,2
7577,True,2,7573,2,1
7577,True,2,6553,10,1
7577,True,2,7561,4,1
7583,False,,,,
7591,True,2,7079,9,1
7591,True,2,7583,3,1
7591,True,2,7589,1,1
7591,True,2,7559,5,1
7589,True,2,7573,4,1
7589,True,2,7333,8,1
7603,False,,,,
7607,True,2,7351,8,1
7607,True,2,7591,4,1
7607,True,2,3511,12,1
7607,True,2,7603,2,1
7621,True,2,5573,11,1
7621,True,2,7589,5,1
7621,True,2,7109,9,1
7643,True,2,7639,2,1
7643,True,2,3547,12,1
7643,True,2,6619,10,1
7639,True,2,7607,5,1
7639,True,2,5591,11,1
7639,True,2,7127,9,1
7673,True,2,7669,2,1
7673,True,2,7417,8,1
7681,True,2,7649,5,1
7681,True,2,7673,3,1
7669,True,2,7541,7,1
7649,True,2,7393,8,1
7687,True,2,7559,7,1
7687,True,2,5639,11,1
7691,True,2,7687,2,1
7699,True,2,7691,3,1
7699,True,2,5651,11,1
7699,True,2,7187,9,1
7723,True,2,7691,5,1
7723,True,2,7211,9,1
7703,True,2,6679,10,1
7703,True,2,7687,4,1
7703,True,2,3607,12,1
7703,True,2,7639,6,1
7703,True,2,7699,2,1
7717,True,2,7589,7,1
7717,True,2,5669,11,1
7741,True,2,5693,11,1
7741,True,2,7229,9,1
7727,True,2,7723,2,1
7727,True,2,6703,10,1
7727,True,2,3631,12,1
7753,False,,,,
7757,True,2,7753,2,1
7757,True,2,6733,10,1
7757,True,2,7741,4,1
7759,True,2,7757,1,1
7759,True,2,7247,9,1
7759,True,2,5711,11,1
7759,True,2,7727,5,1
7817,True,2,7753,6,1
7817,True,2,61,12,2
7817,True,2,6793,10,1
7817,True,2,7561,8,1
7789,True,2,5741,11,1
7789,True,2,7757,5,1
7823,True,2,7759,6,1
7823,True,2,3727,12,1
7793,True,2,7537,8,1
7793,True,2,3697,12,1
7793,True,2,7789,2,1
7853,True,2,6829,10,1
7853,True,2,7789,6,1
7829,True,2,3733,12,1
7829,True,2,7573,8,1
7841,False,,,,
7873,True,2,7841,5,1
7867,False,,,,
7877,True,2,7621,8,1
7877,True,2,7873,2,1
7879,True,2,7877,1,1
7883,True,2,7867,4,1
7883,True,2,19,10,3
7883,True,2,7879,2,1
7901,False,,,,
7907,True,2,6883,10,1
7919,True,2,3823,12,1
